{
    "fid": 48.02669143676758,
    "precision": 0.09375,
    "recall": 0.45000001788139343,
    "psnr": 23.5771484375,
    "ssim": 0.7406646609306335
}