{
    "timestamp": "2025_12_02_093248",
    "n_real": 2000,
    "n_fake": 200,
    "fid": 27.301847457885742,
    "precision": 0.10499999672174454,
    "recall": 0.4480000138282776,
    "psnr": 22.34804916381836,
    "ssim": 0.7135986685752869
}
// runs/2025_12_01_163938_lidc_vector_diffusion/epoch=37-step=33972.ckpt