{
    "timestamp": "2025_12_05_221912",
    "n_real": 121365,
    "n_fake": 5178,
    "fid": 12.77816104888916,
    "psnr": 22.2983455657959,
    "ssim": 0.7010928392410278
}