{
    "timestamp": "2025_12_01_073906",
    "n_real": 2000,
    "n_fake": 200,
    "fid": 33.053096771240234,
    "precision": 0.08999999612569809,
    "recall": 0.4935000240802765,
    "psnr": 22.973371505737305,
    "ssim": 0.7504459619522095
}