{
    "timestamp": "2025_12_02_092556",
    "n_real": 2000,
    "n_fake": 200,
    "fid": 32.117225646972656,
    "precision": 0.11499999463558197,
    "recall": 0.5160000324249268,
    "psnr": 22.634138107299805,
    "ssim": 0.7273322939872742
}

// last - pobrany 2025_12_02_092556